,Symbol,Net Assets,Inception Date,In Billions
43,IBIT,53052862464.0,2024-01-05,53.052862464
77,JEPQ,34272116736.0,2022-05-03,34.272116736
82,CGDV,29108258816.0,2022-02-22,29.108258816
97,JAAA,26672459776.0,2020-10-16,26.672459776
29,QQQM,68830765056.0,2020-10-13,68.830765056
28,SGOV,83568402432.0,2020-05-26,83.568402432
57,JEPI,43964334080.0,2020-05-20,43.96433408
80,DYNF,30008514560.0,2019-03-19,30.00851456
83,GLDM,29616130048.0,2018-06-25,29.616130048
99,XLC,24108154880.0,2018-06-18,24.10815488
74,JPST,37516902400.0,2017-05-17,37.5169024
90,IDEV,27528067072.0,2017-03-21,27.528067072
61,VTEB,44200468480.0,2015-08-21,44.20046848
76,IUSB,36142247936.0,2014-06-10,36.142247936
68,DGRO,37549682688.0,2014-06-10,37.549682688
50,QUAL,46515249152.0,2013-07-16,46.515249152
30,BNDX,116905074688.0,2013-05-31,116.905074688
8,IEFA,169633218560.0,2012-10-18,169.63321856
44,IXUS,51986108416.0,2012-10-18,51.986108416
13,IEMG,134083567616.0,2012-10-18,134.083567616
65,GOVT,40681287680.0,2012-02-14,40.68128768
46,SMH,40983896064.0,2011-12-20,40.983896064
27,SCHD,84820000768.0,2011-10-20,84.820000768
14,VXUS,582269730816.0,2011-01-26,582.269730816
64,VONG,44948783104.0,2010-09-20,44.948783104
1,VOO,1421127057408.0,2010-09-07,1421.127057408
15,VOOG,20818771968.0,2010-09-07,20.818771968
89,TQQQ,24591368192.0,2010-02-09,24.591368192
45,SCHG,48416563200.0,2009-12-11,48.4165632
40,VCIT,66028621824.0,2009-11-19,66.028621824
67,VGIT,48471842816.0,2009-11-19,48.471842816
62,VCSH,48491991040.0,2009-11-19,48.49199104
92,VGSH,33368180736.0,2009-11-19,33.368180736
42,SCHF,56551763968.0,2009-11-03,56.551763968
39,SCHX,61436944384.0,2009-11-03,61.436944384
66,SCHB,36927254528.0,2009-11-03,36.927254528
37,VT,79217811456.0,2008-06-24,79.217811456
84,ACWI,28206403584.0,2008-03-26,28.206403584
11,MGK,27851730944.0,2007-12-17,27.851730944
59,DFAC,40419016704.0,2021-06-01,40.419016704
60,MUB,42596511744.0,2007-09-07,42.596511744
7,VEA,282201522176.0,2007-07-20,282.201522176
54,BIL,50000146432.0,2007-05-25,50.000146432
69,SPDW,35649814528.0,2007-04-20,35.649814528
12,BND,387461611520.0,2007-04-03,387.46161152
58,BSV,69754806272.0,2007-04-03,69.754806272
93,BIV,51797950464.0,2007-04-03,51.797950464
71,MBB,38758678528.0,2007-03-13,38.758678528
41,VEU,83657351168.0,2007-03-02,83.657351168
34,VYM,88722817024.0,2006-11-10,88.722817024
86,GDX,28155811840.0,2006-05-16,28.15581184
72,SLV,35677335552.0,2006-04-21,35.677335552
22,VIG,117045436416.0,2006-04-21,117.045436416
88,EFV,28638212096.0,2005-08-01,28.638212096
20,VWO,146314903552.0,2005-03-04,146.314903552
85,VGK,36605812736.0,2005-03-04,36.605812736
35,IAU,70519357440.0,2005-01-21,70.51935744
10,GLD,155110817792.0,2004-11-18,155.110817792
49,VV,64187269120.0,2004-01-27,64.18726912
9,VTV,225662468096.0,2004-01-26,225.662468096
6,VO,198243745792.0,2004-01-26,198.243745792
78,VBR,60633391104.0,2004-01-26,60.633391104
0,VUG,317921722368.0,2004-01-26,317.921722368
19,VGT,121284206592.0,2004-01-26,121.284206592
31,VB,164569923584.0,2004-01-26,164.569923584
26,ITOT,79621505024.0,2004-01-20,79.621505024
75,VNQ,64663887872.0,2003-12-02,64.663887872
16,AGG,138698178560.0,2003-09-22,138.69817856
25,RSP,83238453248.0,2003-04-24,83.238453248
96,EEM,24905633792.0,2003-04-07,24.905633792
79,LQD,28883736576.0,2002-07-22,28.883736576
63,TLT,42618560512.0,2002-07-22,42.618560512
52,IEF,48925843456.0,2002-07-22,48.925843456
94,VXF,81523654656.0,2001-12-27,81.523654656
33,EFA,71451205632.0,2001-08-14,71.451205632
48,IWR,48215203840.0,2001-07-17,48.21520384
95,SOXX,20592637952.0,2001-07-10,20.592637952
4,VTI,1991753859072.0,2001-05-24,1991.753859072
53,SPYG,41632727040.0,2000-09-25,41.63272704
81,SPYV,31784861696.0,2000-09-25,31.784861696
91,IUSG,25966977024.0,2000-07-24,25.966977024
23,IJR,91986935808.0,2000-05-22,91.986935808
18,IWF,111773540352.0,2000-05-22,111.773540352
32,IWM,71915577344.0,2000-05-22,71.915577344
51,IVE,46617006080.0,2000-05-22,46.61700608
36,IWD,69788860416.0,2000-05-22,69.788860416
38,IVW,60921368576.0,2000-05-22,60.921368576
21,IJH,106048217088.0,2000-05-22,106.048217088
2,IVV,720543350784.0,2000-05-15,720.543350784
55,IWB,42777825280.0,2000-05-15,42.77782528
5,QQQ,372507312128.0,1999-03-10,372.507312128
24,XLK,84198424576.0,1998-12-16,84.198424576
87,XLI,28334837760.0,1998-12-16,28.33483776
47,XLF,47790944256.0,1998-12-16,47.790944256
70,XLV,38603882496.0,1998-12-16,38.603882496
73,XLE,43603132416.0,1998-12-16,43.603132416
56,DIA,41759682560.0,1998-01-13,41.75968256
98,MDY,24217503744.0,1995-05-04,24.217503744
3,SPY,651588272128.0,1993-01-22,651.588272128
17,SPYM,,,
