observation_date,PCUADLVWRADLVWR
2006-12-01,100.000
2007-01-01,103.700
2007-02-01,103.800
2007-03-01,103.400
2007-04-01,103.700
2007-05-01,106.900
2007-06-01,107.500
2007-07-01,107.500
2007-08-01,107.600
2007-09-01,107.900
2007-10-01,107.800
2007-11-01,108.300
2007-12-01,108.600
2008-01-01,110.100
2008-02-01,110.000
2008-03-01,109.900
2008-04-01,110.200
2008-05-01,112.900
2008-06-01,113.700
2008-07-01,115.000
2008-08-01,115.500
2008-09-01,115.500
2008-10-01,114.000
2008-11-01,113.900
2008-12-01,111.000
2009-01-01,114.100
2009-02-01,112.700
2009-03-01,112.800
2009-04-01,112.300
2009-05-01,113.600
2009-06-01,113.900
2009-07-01,114.200
2009-08-01,115.100
2009-09-01,115.000
2009-10-01,115.500
2009-11-01,115.100
2009-12-01,115.600
2010-01-01,119.000
2010-02-01,118.900
2010-03-01,119.200
2010-04-01,118.900
2010-05-01,119.500
2010-06-01,119.900
2010-07-01,119.300
2010-08-01,119.000
2010-09-01,118.900
2010-10-01,119.100
2010-11-01,119.200
2010-12-01,119.500
2011-01-01,123.100
2011-02-01,123.600
2011-03-01,123.900
2011-04-01,124.700
2011-05-01,126.300
2011-06-01,126.900
2011-07-01,126.600
2011-08-01,126.400
2011-09-01,126.500
2011-10-01,126.100
2011-11-01,126.100
2011-12-01,126.100
2012-01-01,129.500
2012-02-01,130.500
2012-03-01,130.600
2012-04-01,130.900
2012-05-01,131.100
2012-06-01,131.100
2012-07-01,130.400
2012-08-01,129.800
2012-09-01,130.200
2012-10-01,131.000
2012-11-01,131.200
2012-12-01,131.100
2013-01-01,134.300
2013-02-01,136.100
2013-03-01,136.100
2013-04-01,136.400
2013-05-01,136.100
2013-06-01,135.800
2013-07-01,135.500
2013-08-01,135.600
2013-09-01,135.800
2013-10-01,135.900
2013-11-01,135.900
2013-12-01,135.700
2014-01-01,139.000
2014-02-01,142.300
2014-03-01,142.200
2014-04-01,142.500
2014-05-01,142.400
2014-06-01,142.400
2014-07-01,142.500
2014-08-01,142.200
2014-09-01,142.100
2014-10-01,142.000
2014-11-01,141.900
2014-12-01,141.300
2015-01-01,145.000
2015-02-01,144.600
2015-03-01,143.800
2015-04-01,144.200
2015-05-01,144.100
2015-06-01,145.200
2015-07-01,145.400
2015-08-01,145.200
2015-09-01,144.900
2015-10-01,144.500
2015-11-01,145.100
2015-12-01,145.100
2016-01-01,146.200
2016-02-01,146.400
2016-03-01,146.100
2016-04-01,144.100
2016-05-01,144.300
2016-06-01,144.300
2016-07-01,144.900
2016-08-01,145.200
2016-09-01,143.200
2016-10-01,143.100
2016-11-01,143.200
2016-12-01,143.400
2017-01-01,146.600
2017-02-01,147.700
2017-03-01,147.800
2017-04-01,147.600
2017-05-01,147.600
2017-06-01,147.600
2017-07-01,147.700
2017-08-01,148.300
2017-09-01,148.500
2017-10-01,148.800
2017-11-01,149.000
2017-12-01,149.100
2018-01-01,152.300
2018-02-01,153.500
2018-03-01,153.400
2018-04-01,153.600
2018-05-01,153.700
2018-06-01,154.000
2018-07-01,154.000
2018-08-01,153.800
2018-09-01,154.200
2018-10-01,154.500
2018-11-01,154.400
2018-12-01,154.000
2019-01-01,156.800
2019-02-01,158.900
2019-03-01,158.900
2019-04-01,159.200
2019-05-01,159.300
2019-06-01,159.200
2019-07-01,159.800
2019-08-01,159.900
2019-09-01,159.900
2019-10-01,159.800
2019-11-01,159.900
2019-12-01,159.900
2020-01-01,163.200
2020-02-01,164.200
2020-03-01,164.300
2020-04-01,163.400
2020-05-01,163.000
2020-06-01,162.800
2020-07-01,163.100
2020-08-01,163.700
2020-09-01,164.200
2020-10-01,164.100
2020-11-01,164.400
2020-12-01,164.300
2021-01-01,168.300
2021-02-01,169.800
2021-03-01,170.600
2021-04-01,171.000
2021-05-01,170.900
2021-06-01,171.100
2021-07-01,171.715
2021-08-01,172.456
2021-09-01,176.229
2021-10-01,178.150
2021-11-01,178.557
2021-12-01,178.907
2022-01-01,185.724
2022-02-01,185.559
2022-03-01,186.557
2022-04-01,189.901
2022-05-01,189.279
2022-06-01,189.725
2022-07-01,194.187
2022-08-01,191.839
2022-09-01,193.719
2022-10-01,194.022
2022-11-01,194.531
2022-12-01,193.749
2023-01-01,204.543
2023-02-01,205.808
2023-03-01,205.399
2023-04-01,204.760
2023-05-01,202.966
2023-06-01,202.128
2023-07-01,205.452
2023-08-01,206.127
2023-09-01,207.463
2023-10-01,207.524
2023-11-01,206.825
2023-12-01,206.591
2024-01-01,212.478
2024-02-01,215.871
2024-03-01,216.325
2024-04-01,217.007
2024-05-01,216.876
2024-06-01,216.340
2024-07-01,216.838
2024-08-01,220.205
2024-09-01,220.332
2024-10-01,221.024
2024-11-01,223.098
2024-12-01,224.663
2025-01-01,230.422
2025-02-01,230.381
2025-03-01,230.199
2025-04-01,230.042
2025-05-01,228.347
2025-06-01,228.713
2025-07-01,234.047
2025-08-01,234.173
2025-09-01,233.555
2025-10-01,234.706
2025-11-01,237.407
2025-12-01,239.506
2026-01-01,246.622
2026-02-01,245.834
2026-03-01,249.233
