observation_date,PCUASHCASHC
2006-12-01,100.000
2007-01-01,101.500
2007-02-01,101.800
2007-03-01,101.800
2007-04-01,101.800
2007-05-01,101.700
2007-06-01,101.900
2007-07-01,102.100
2007-08-01,102.200
2007-09-01,102.500
2007-10-01,103.700
2007-11-01,103.600
2007-12-01,103.900
2008-01-01,104.300
2008-02-01,104.400
2008-03-01,104.500
2008-04-01,104.500
2008-05-01,104.500
2008-06-01,104.400
2008-07-01,104.800
2008-08-01,104.900
2008-09-01,104.900
2008-10-01,105.700
2008-11-01,105.800
2008-12-01,105.900
2009-01-01,106.800
2009-02-01,107.000
2009-03-01,107.100
2009-04-01,107.100
2009-05-01,107.300
2009-06-01,107.400
2009-07-01,107.600
2009-08-01,108.000
2009-09-01,108.000
2009-10-01,109.200
2009-11-01,109.300
2009-12-01,109.400
2010-01-01,110.000
2010-02-01,110.200
2010-03-01,110.300
2010-04-01,110.400
2010-05-01,110.300
2010-06-01,110.500
2010-07-01,110.600
2010-08-01,110.800
2010-09-01,110.900
2010-10-01,111.500
2010-11-01,111.500
2010-12-01,111.500
2011-01-01,111.900
2011-02-01,112.200
2011-03-01,112.400
2011-04-01,112.500
2011-05-01,112.500
2011-06-01,112.600
2011-07-01,112.800
2011-08-01,113.000
2011-09-01,113.200
2011-10-01,113.600
2011-11-01,113.700
2011-12-01,113.900
2012-01-01,114.400
2012-02-01,114.500
2012-03-01,114.500
2012-04-01,114.600
2012-05-01,114.700
2012-06-01,114.800
2012-07-01,115.100
2012-08-01,115.200
2012-09-01,115.300
2012-10-01,115.700
2012-11-01,115.600
2012-12-01,115.900
2013-01-01,116.500
2013-02-01,116.700
2013-03-01,116.800
2013-04-01,116.100
2013-05-01,116.100
2013-06-01,116.300
2013-07-01,116.500
2013-08-01,116.400
2013-09-01,116.600
2013-10-01,117.200
2013-11-01,117.300
2013-12-01,117.300
2014-01-01,117.700
2014-02-01,117.800
2014-03-01,117.800
2014-04-01,117.800
2014-05-01,117.800
2014-06-01,117.800
2014-07-01,117.900
2014-08-01,118.100
2014-09-01,118.200
2014-10-01,118.000
2014-11-01,118.100
2014-12-01,118.200
2015-01-01,118.200
2015-02-01,118.200
2015-03-01,118.300
2015-04-01,118.400
2015-05-01,118.300
2015-06-01,118.400
2015-07-01,118.500
2015-08-01,118.800
2015-09-01,118.800
2015-10-01,119.000
2015-11-01,119.100
2015-12-01,119.100
2016-01-01,119.300
2016-02-01,119.400
2016-03-01,119.500
2016-04-01,119.500
2016-05-01,119.500
2016-06-01,119.600
2016-07-01,119.900
2016-08-01,120.200
2016-09-01,120.300
2016-10-01,120.800
2016-11-01,120.800
2016-12-01,120.800
2017-01-01,121.100
2017-02-01,121.100
2017-03-01,121.200
2017-04-01,121.300
2017-05-01,121.300
2017-06-01,121.500
2017-07-01,121.600
2017-08-01,121.700
2017-09-01,121.800
2017-10-01,122.700
2017-11-01,122.600
2017-12-01,122.600
2018-01-01,123.200
2018-02-01,123.400
2018-03-01,123.500
2018-04-01,123.700
2018-05-01,123.800
2018-06-01,123.800
2018-07-01,124.100
2018-08-01,124.200
2018-09-01,124.300
2018-10-01,124.900
2018-11-01,125.000
2018-12-01,125.000
2019-01-01,125.400
2019-02-01,125.500
2019-03-01,125.500
2019-04-01,125.800
2019-05-01,125.800
2019-06-01,125.900
2019-07-01,126.200
2019-08-01,126.400
2019-09-01,126.400
2019-10-01,127.300
2019-11-01,127.400
2019-12-01,127.300
2020-01-01,128.000
2020-02-01,128.200
2020-03-01,128.200
2020-04-01,128.600
2020-05-01,129.400
2020-06-01,129.600
2020-07-01,130.100
2020-08-01,130.700
2020-09-01,130.600
2020-10-01,131.000
2020-11-01,131.000
2020-12-01,131.000
2021-01-01,132.400
2021-02-01,133.200
2021-03-01,133.300
2021-04-01,133.300
2021-05-01,133.400
2021-06-01,133.200
2021-07-01,133.554
2021-08-01,133.772
2021-09-01,133.912
2021-10-01,134.148
2021-11-01,134.306
2021-12-01,134.462
2022-01-01,135.757
2022-02-01,135.814
2022-03-01,135.817
2022-04-01,135.605
2022-05-01,135.884
2022-06-01,136.490
2022-07-01,136.992
2022-08-01,137.271
2022-09-01,137.288
2022-10-01,137.826
2022-11-01,137.742
2022-12-01,137.929
2023-01-01,138.561
2023-02-01,138.968
2023-03-01,139.192
2023-04-01,139.684
2023-05-01,139.904
2023-06-01,139.867
2023-07-01,140.478
2023-08-01,140.610
2023-09-01,140.421
2023-10-01,141.443
2023-11-01,141.561
2023-12-01,141.610
2024-01-01,143.053
2024-02-01,143.395
2024-03-01,143.528
2024-04-01,143.682
2024-05-01,144.107
2024-06-01,144.172
2024-07-01,144.439
2024-08-01,144.740
2024-09-01,145.165
2024-10-01,146.028
2024-11-01,146.106
2024-12-01,146.329
2025-01-01,147.104
2025-02-01,147.610
2025-03-01,147.798
2025-04-01,148.046
2025-05-01,148.148
2025-06-01,148.426
2025-07-01,148.603
2025-08-01,149.074
2025-09-01,149.077
2025-10-01,150.416
2025-11-01,150.617
2025-12-01,150.335
2026-01-01,151.498
2026-02-01,151.566
2026-03-01,151.873
