observation_date,PCUAINFOAINFO
2006-12-01,100.000
2007-01-01,99.900
2007-02-01,100.100
2007-03-01,100.300
2007-04-01,100.600
2007-05-01,100.800
2007-06-01,101.000
2007-07-01,101.400
2007-08-01,101.000
2007-09-01,101.400
2007-10-01,101.400
2007-11-01,101.200
2007-12-01,101.000
2008-01-01,101.500
2008-02-01,101.600
2008-03-01,101.700
2008-04-01,102.200
2008-05-01,102.200
2008-06-01,101.900
2008-07-01,102.100
2008-08-01,102.500
2008-09-01,102.200
2008-10-01,102.600
2008-11-01,102.700
2008-12-01,102.500
2009-01-01,102.700
2009-02-01,102.600
2009-03-01,102.400
2009-04-01,102.200
2009-05-01,102.400
2009-06-01,102.400
2009-07-01,102.100
2009-08-01,102.400
2009-09-01,102.000
2009-10-01,102.100
2009-11-01,101.400
2009-12-01,101.400
2010-01-01,101.500
2010-02-01,101.300
2010-03-01,101.400
2010-04-01,101.300
2010-05-01,101.700
2010-06-01,101.800
2010-07-01,101.800
2010-08-01,101.800
2010-09-01,101.900
2010-10-01,102.200
2010-11-01,102.300
2010-12-01,102.100
2011-01-01,102.100
2011-02-01,101.900
2011-03-01,102.000
2011-04-01,102.100
2011-05-01,102.400
2011-06-01,102.300
2011-07-01,102.400
2011-08-01,102.500
2011-09-01,102.500
2011-10-01,102.600
2011-11-01,102.800
2011-12-01,102.700
2012-01-01,102.800
2012-02-01,102.700
2012-03-01,102.500
2012-04-01,102.300
2012-05-01,102.700
2012-06-01,102.700
2012-07-01,102.600
2012-08-01,102.700
2012-09-01,102.900
2012-10-01,102.800
2012-11-01,102.700
2012-12-01,102.600
2013-01-01,102.900
2013-02-01,103.000
2013-03-01,102.900
2013-04-01,103.000
2013-05-01,103.200
2013-06-01,103.200
2013-07-01,102.800
2013-08-01,103.200
2013-09-01,103.300
2013-10-01,103.200
2013-11-01,103.200
2013-12-01,103.200
2014-01-01,103.300
2014-02-01,103.500
2014-03-01,103.500
2014-04-01,103.400
2014-05-01,103.300
2014-06-01,103.200
2014-07-01,103.200
2014-08-01,103.300
2014-09-01,102.900
2014-10-01,103.300
2014-11-01,103.100
2014-12-01,103.000
2015-01-01,102.900
2015-02-01,102.600
2015-03-01,102.400
2015-04-01,103.000
2015-05-01,102.700
2015-06-01,102.600
2015-07-01,102.400
2015-08-01,102.300
2015-09-01,102.400
2015-10-01,102.300
2015-11-01,102.300
2015-12-01,102.100
2016-01-01,102.400
2016-02-01,102.400
2016-03-01,102.400
2016-04-01,102.700
2016-05-01,102.700
2016-06-01,102.600
2016-07-01,102.400
2016-08-01,102.600
2016-09-01,102.500
2016-10-01,102.900
2016-11-01,103.300
2016-12-01,102.400
2017-01-01,101.700
2017-02-01,101.800
2017-03-01,102.300
2017-04-01,102.300
2017-05-01,102.400
2017-06-01,102.200
2017-07-01,101.800
2017-08-01,101.700
2017-09-01,101.700
2017-10-01,102.400
2017-11-01,102.000
2017-12-01,102.200
2018-01-01,102.000
2018-02-01,101.800
2018-03-01,102.400
2018-04-01,102.200
2018-05-01,102.600
2018-06-01,102.600
2018-07-01,102.300
2018-08-01,102.600
2018-09-01,102.800
2018-10-01,103.100
2018-11-01,102.900
2018-12-01,102.500
2019-01-01,102.800
2019-02-01,102.700
2019-03-01,102.900
2019-04-01,103.300
2019-05-01,103.600
2019-06-01,103.200
2019-07-01,103.200
2019-08-01,103.100
2019-09-01,103.500
2019-10-01,103.600
2019-11-01,103.700
2019-12-01,103.600
2020-01-01,104.200
2020-02-01,104.300
2020-03-01,104.600
2020-04-01,104.500
2020-05-01,103.800
2020-06-01,103.800
2020-07-01,104.100
2020-08-01,104.500
2020-09-01,104.600
2020-10-01,105.500
2020-11-01,105.600
2020-12-01,105.100
2021-01-01,105.300
2021-02-01,105.200
2021-03-01,105.500
2021-04-01,106.000
2021-05-01,106.000
2021-06-01,106.300
2021-07-01,106.031
2021-08-01,106.069
2021-09-01,106.133
2021-10-01,106.567
2021-11-01,106.705
2021-12-01,106.722
2022-01-01,107.113
2022-02-01,106.571
2022-03-01,107.359
2022-04-01,107.276
2022-05-01,107.888
2022-06-01,107.774
2022-07-01,107.839
2022-08-01,108.003
2022-09-01,108.777
2022-10-01,109.359
2022-11-01,109.097
2022-12-01,109.059
2023-01-01,110.090
2023-02-01,110.025
2023-03-01,110.281
2023-04-01,110.744
2023-05-01,111.276
2023-06-01,111.328
2023-07-01,111.022
2023-08-01,110.964
2023-09-01,110.519
2023-10-01,110.981
2023-11-01,111.068
2023-12-01,111.865
2024-01-01,112.031
2024-02-01,112.422
2024-03-01,112.513
2024-04-01,114.002
2024-05-01,114.643
2024-06-01,114.962
2024-07-01,116.021
2024-08-01,115.813
2024-09-01,116.077
2024-10-01,116.613
2024-11-01,116.525
2024-12-01,116.260
2025-01-01,116.747
2025-02-01,116.947
2025-03-01,116.784
2025-04-01,116.177
2025-05-01,117.290
2025-06-01,117.344
2025-07-01,118.831
2025-08-01,118.782
2025-09-01,118.504
2025-10-01,119.519
2025-11-01,119.691
2025-12-01,118.879
2026-01-01,118.461
2026-02-01,118.813
2026-03-01,119.017
