observation_date,PCUAMUMAMUM
2006-12-01,100.000
2007-01-01,99.500
2007-02-01,100.700
2007-03-01,101.900
2007-04-01,103.100
2007-05-01,104.100
2007-06-01,104.500
2007-07-01,105.300
2007-08-01,104.200
2007-09-01,104.400
2007-10-01,104.700
2007-11-01,106.800
2007-12-01,106.200
2008-01-01,107.200
2008-02-01,108.000
2008-03-01,110.400
2008-04-01,111.800
2008-05-01,114.400
2008-06-01,116.400
2008-07-01,118.900
2008-08-01,116.900
2008-09-01,116.500
2008-10-01,112.500
2008-11-01,107.900
2008-12-01,104.900
2009-01-01,105.300
2009-02-01,104.700
2009-03-01,103.900
2009-04-01,104.400
2009-05-01,105.300
2009-06-01,107.000
2009-07-01,106.400
2009-08-01,107.800
2009-09-01,107.200
2009-10-01,107.300
2009-11-01,108.400
2009-12-01,108.500
2010-01-01,110.100
2010-02-01,109.700
2010-03-01,110.500
2010-04-01,111.100
2010-05-01,111.600
2010-06-01,111.200
2010-07-01,111.400
2010-08-01,111.900
2010-09-01,111.700
2010-10-01,112.400
2010-11-01,112.800
2010-12-01,113.600
2011-01-01,114.900
2011-02-01,116.200
2011-03-01,118.300
2011-04-01,120.000
2011-05-01,121.000
2011-06-01,121.000
2011-07-01,121.500
2011-08-01,120.900
2011-09-01,121.200
2011-10-01,119.900
2011-11-01,120.000
2011-12-01,119.400
2012-01-01,120.100
2012-02-01,120.600
2012-03-01,121.700
2012-04-01,121.800
2012-05-01,121.200
2012-06-01,120.400
2012-07-01,120.500
2012-08-01,121.800
2012-09-01,122.800
2012-10-01,122.400
2012-11-01,121.000
2012-12-01,120.700
2013-01-01,121.200
2013-02-01,122.600
2013-03-01,122.200
2013-04-01,122.100
2013-05-01,122.300
2013-06-01,122.400
2013-07-01,122.700
2013-08-01,122.800
2013-09-01,122.800
2013-10-01,122.100
2013-11-01,121.400
2013-12-01,122.300
2014-01-01,123.600
2014-02-01,124.400
2014-03-01,124.700
2014-04-01,125.200
2014-05-01,124.700
2014-06-01,124.900
2014-07-01,125.100
2014-08-01,124.900
2014-09-01,124.500
2014-10-01,123.100
2014-11-01,121.700
2014-12-01,119.800
2015-01-01,117.600
2015-02-01,117.400
2015-03-01,118.300
2015-04-01,117.400
2015-05-01,118.700
2015-06-01,119.500
2015-07-01,119.400
2015-08-01,118.500
2015-09-01,116.900
2015-10-01,116.100
2015-11-01,115.300
2015-12-01,114.100
2016-01-01,113.500
2016-02-01,112.800
2016-03-01,113.100
2016-04-01,113.800
2016-05-01,114.700
2016-06-01,116.100
2016-07-01,116.200
2016-08-01,115.900
2016-09-01,116.100
2016-10-01,116.100
2016-11-01,115.600
2016-12-01,116.400
2017-01-01,117.700
2017-02-01,118.000
2017-03-01,118.000
2017-04-01,118.600
2017-05-01,118.500
2017-06-01,119.000
2017-07-01,119.000
2017-08-01,119.600
2017-09-01,120.200
2017-10-01,120.200
2017-11-01,120.700
2017-12-01,120.800
2018-01-01,122.200
2018-02-01,122.400
2018-03-01,122.300
2018-04-01,123.100
2018-05-01,124.400
2018-06-01,125.200
2018-07-01,125.600
2018-08-01,126.000
2018-09-01,125.600
2018-10-01,126.300
2018-11-01,125.100
2018-12-01,124.100
2019-01-01,123.000
2019-02-01,123.800
2019-03-01,124.800
2019-04-01,125.200
2019-05-01,125.200
2019-06-01,124.400
2019-07-01,124.700
2019-08-01,124.800
2019-09-01,124.500
2019-10-01,123.900
2019-11-01,123.900
2019-12-01,123.600
2020-01-01,123.600
2020-02-01,122.500
2020-03-01,120.700
2020-04-01,117.200
2020-05-01,118.800
2020-06-01,120.100
2020-07-01,121.400
2020-08-01,122.300
2020-09-01,122.200
2020-10-01,122.400
2020-11-01,123.100
2020-12-01,124.000
2021-01-01,125.600
2021-02-01,141.200
2021-03-01,130.900
2021-04-01,131.600
2021-05-01,134.800
2021-06-01,137.500
2021-07-01,138.784
2021-08-01,139.426
2021-09-01,140.765
2021-10-01,143.203
2021-11-01,144.158
2021-12-01,143.085
2022-01-01,146.287
2022-02-01,149.900
2022-03-01,153.977
2022-04-01,157.139
2022-05-01,163.526
2022-06-01,167.097
2022-07-01,164.658
2022-08-01,163.129
2022-09-01,162.875
2022-10-01,160.977
2022-11-01,159.504
2022-12-01,158.422
2023-01-01,159.887
2023-02-01,156.974
2023-03-01,156.443
2023-04-01,155.492
2023-05-01,153.739
2023-06-01,154.339
2023-07-01,155.117
2023-08-01,160.408
2023-09-01,159.536
2023-10-01,156.471
2023-11-01,155.218
2023-12-01,153.137
2024-01-01,154.732
2024-02-01,155.962
2024-03-01,156.385
2024-04-01,157.304
2024-05-01,156.292
2024-06-01,156.420
2024-07-01,157.992
2024-08-01,157.257
2024-09-01,155.444
2024-10-01,155.700
2024-11-01,154.797
2024-12-01,155.246
2025-01-01,157.269
2025-02-01,158.318
2025-03-01,157.745
2025-04-01,157.898
2025-05-01,158.176
2025-06-01,159.488
2025-07-01,160.843
2025-08-01,160.655
2025-09-01,160.879
2025-10-01,159.811
2025-11-01,160.714
2025-12-01,160.178
2026-01-01,160.925
2026-02-01,164.422
2026-03-01,166.625
