observation_date,PCUOMINOMIN
1984-12-01,100.000
1985-01-01,
1985-02-01,
1985-03-01,
1985-04-01,
1985-05-01,
1985-06-01,
1985-07-01,
1985-08-01,
1985-09-01,
1985-10-01,
1985-11-01,
1985-12-01,
1986-01-01,94.400
1986-02-01,87.300
1986-03-01,82.900
1986-04-01,78.200
1986-05-01,77.100
1986-06-01,76.300
1986-07-01,72.000
1986-08-01,70.500
1986-09-01,70.800
1986-10-01,71.200
1986-11-01,71.700
1986-12-01,71.100
1987-01-01,73.600
1987-02-01,73.600
1987-03-01,75.200
1987-04-01,74.900
1987-05-01,74.600
1987-06-01,75.300
1987-07-01,76.500
1987-08-01,77.300
1987-09-01,76.400
1987-10-01,74.900
1987-11-01,73.900
1987-12-01,74.200
1988-01-01,72.800
1988-02-01,72.000
1988-03-01,71.300
1988-04-01,73.100
1988-05-01,72.400
1988-06-01,70.900
1988-07-01,70.100
1988-08-01,68.700
1988-09-01,68.100
1988-10-01,68.700
1988-11-01,68.300
1988-12-01,70.800
1989-01-01,74.600
1989-02-01,75.500
1989-03-01,74.900
1989-04-01,77.200
1989-05-01,78.200
1989-06-01,77.400
1989-07-01,78.000
1989-08-01,74.000
1989-09-01,76.500
1989-10-01,76.100
1989-11-01,76.300
1989-12-01,77.600
1990-01-01,81.000
1990-02-01,81.100
1990-03-01,78.100
1990-04-01,74.800
1990-05-01,75.300
1990-06-01,72.200
1990-07-01,74.100
1990-08-01,80.400
1990-09-01,87.100
1990-10-01,96.600
1990-11-01,92.400
1990-12-01,88.500
1991-01-01,90.700
1991-02-01,80.800
1991-03-01,76.800
1991-04-01,75.900
1991-05-01,77.800
1991-06-01,76.100
1991-07-01,76.200
1991-08-01,76.800
1991-09-01,75.100
1991-10-01,77.800
1991-11-01,79.000
1991-12-01,77.500
1992-01-01,74.600
1992-02-01,74.600
1992-03-01,72.200
1992-04-01,73.400
1992-05-01,75.100
1992-06-01,76.300
1992-07-01,78.200
1992-08-01,77.400
1992-09-01,80.800
1992-10-01,79.700
1992-11-01,82.000
1992-12-01,78.900
1993-01-01,78.300
1993-02-01,76.200
1993-03-01,75.800
1993-04-01,76.100
1993-05-01,79.500
1993-06-01,80.500
1993-07-01,75.200
1993-08-01,74.200
1993-09-01,75.200
1993-10-01,78.300
1993-11-01,74.800
1993-12-01,72.700
1994-01-01,75.800
1994-02-01,71.500
1994-03-01,74.500
1994-04-01,74.400
1994-05-01,73.700
1994-06-01,74.900
1994-07-01,74.300
1994-08-01,75.000
1994-09-01,72.400
1994-10-01,71.000
1994-11-01,70.500
1994-12-01,72.000
1995-01-01,72.100
1995-02-01,71.200
1995-03-01,70.700
1995-04-01,72.600
1995-05-01,72.800
1995-06-01,72.800
1995-07-01,70.600
1995-08-01,67.600
1995-09-01,68.700
1995-10-01,69.000
1995-11-01,70.500
1995-12-01,74.100
1996-01-01,79.100
1996-02-01,83.400
1996-03-01,80.900
1996-04-01,86.000
1996-05-01,82.900
1996-06-01,78.100
1996-07-01,81.000
1996-08-01,82.600
1996-09-01,81.300
1996-10-01,83.000
1996-11-01,90.400
1996-12-01,104.200
1997-01-01,111.300
1997-02-01,95.100
1997-03-01,78.800
1997-04-01,77.600
1997-05-01,80.800
1997-06-01,79.900
1997-07-01,79.500
1997-08-01,80.200
1997-09-01,82.900
1997-10-01,90.200
1997-11-01,93.200
1997-12-01,83.200
1998-01-01,76.400
1998-02-01,73.600
1998-03-01,72.200
1998-04-01,74.100
1998-05-01,74.200
1998-06-01,69.600
1998-07-01,72.300
1998-08-01,67.700
1998-09-01,65.700
1998-10-01,67.900
1998-11-01,68.900
1998-12-01,66.800
1999-01-01,64.100
1999-02-01,62.500
1999-03-01,63.400
1999-04-01,68.900
1999-05-01,76.500
1999-06-01,76.300
1999-07-01,78.700
1999-08-01,84.700
1999-09-01,91.500
1999-10-01,87.700
1999-11-01,95.100
1999-12-01,86.700
2000-01-01,89.500
2000-02-01,95.800
2000-03-01,98.900
2000-04-01,95.700
2000-05-01,100.600
2000-06-01,118.400
2000-07-01,118.100
2000-08-01,113.800
2000-09-01,124.700
2000-10-01,131.800
2000-11-01,128.900
2000-12-01,146.500
2001-01-01,185.700
2001-02-01,149.400
2001-03-01,131.200
2001-04-01,132.200
2001-05-01,128.100
2001-06-01,112.200
2001-07-01,98.700
2001-08-01,98.900
2001-09-01,90.800
2001-10-01,78.300
2001-11-01,88.300
2001-12-01,77.600
2002-01-01,81.900
2002-02-01,78.000
2002-03-01,87.500
2002-04-01,99.800
2002-05-01,100.300
2002-06-01,93.500
2002-07-01,93.500
2002-08-01,95.900
2002-09-01,100.100
2002-10-01,104.500
2002-11-01,110.500
2002-12-01,113.800
2003-01-01,126.000
2003-02-01,137.400
2003-03-01,169.100
2003-04-01,124.500
2003-05-01,126.300
2003-06-01,137.100
2003-07-01,131.600
2003-08-01,125.500
2003-09-01,124.700
2003-10-01,122.700
2003-11-01,121.500
2003-12-01,129.000
2004-01-01,144.600
2004-02-01,140.300
2004-03-01,136.600
2004-04-01,140.900
2004-05-01,149.500
2004-06-01,155.500
2004-07-01,155.600
2004-08-01,159.300
2004-09-01,149.600
2004-10-01,160.600
2004-11-01,179.100
2004-12-01,169.200
2005-01-01,163.300
2005-02-01,166.200
2005-03-01,176.000
2005-04-01,184.300
2005-05-01,177.900
2005-06-01,178.100
2005-07-01,193.400
2005-08-01,203.600
2005-09-01,233.100
2005-10-01,254.300
2005-11-01,247.400
2005-12-01,234.600
2006-01-01,234.300
2006-02-01,207.400
2006-03-01,202.000
2006-04-01,210.600
2006-05-01,215.400
2006-06-01,204.200
2006-07-01,211.300
2006-08-01,220.400
2006-09-01,204.800
2006-10-01,176.100
2006-11-01,205.500
2006-12-01,212.200
2007-01-01,188.200
2007-02-01,207.800
2007-03-01,210.600
2007-04-01,214.100
2007-05-01,221.100
2007-06-01,222.600
2007-07-01,222.300
2007-08-01,212.500
2007-09-01,214.300
2007-10-01,228.300
2007-11-01,249.300
2007-12-01,249.500
2008-01-01,254.200
2008-02-01,263.800
2008-03-01,287.200
2008-04-01,301.600
2008-05-01,329.000
2008-06-01,341.400
2008-07-01,363.800
2008-08-01,299.200
2008-09-01,273.400
2008-10-01,223.300
2008-11-01,184.900
2008-12-01,174.800
2009-01-01,173.400
2009-02-01,159.000
2009-03-01,159.100
2009-04-01,160.500
2009-05-01,166.000
2009-06-01,180.200
2009-07-01,173.000
2009-08-01,182.800
2009-09-01,177.200
2009-10-01,192.300
2009-11-01,206.700
2009-12-01,208.400
2010-01-01,231.300
2010-02-01,222.300
2010-03-01,219.800
2010-04-01,213.400
2010-05-01,204.900
2010-06-01,204.800
2010-07-01,209.000
2010-08-01,211.600
2010-09-01,202.500
2010-10-01,212.200
2010-11-01,214.100
2010-12-01,227.300
2011-01-01,232.700
2011-02-01,232.400
2011-03-01,241.700
2011-04-01,256.600
2011-05-01,251.000
2011-06-01,247.200
2011-07-01,251.200
2011-08-01,237.400
2011-09-01,241.600
2011-10-01,235.100
2011-11-01,245.600
2011-12-01,238.600
2012-01-01,238.000
2012-02-01,234.900
2012-03-01,236.700
2012-04-01,229.900
2012-05-01,218.500
2012-06-01,208.400
2012-07-01,213.800
2012-08-01,224.600
2012-09-01,227.400
2012-10-01,226.000
2012-11-01,226.300
2012-12-01,227.700
2013-01-01,230.300
2013-02-01,230.900
2013-03-01,230.700
2013-04-01,236.000
2013-05-01,237.900
2013-06-01,235.800
2013-07-01,240.700
2013-08-01,240.600
2013-09-01,241.900
2013-10-01,236.200
2013-11-01,229.000
2013-12-01,235.200
2014-01-01,238.800
2014-02-01,258.100
2014-03-01,249.600
2014-04-01,247.700
2014-05-01,246.500
2014-06-01,246.700
2014-07-01,240.800
2014-08-01,232.100
2014-09-01,228.900
2014-10-01,216.700
2014-11-01,210.100
2014-12-01,196.500
2015-01-01,170.300
2015-02-01,170.400
2015-03-01,169.100
2015-04-01,169.600
2015-05-01,176.300
2015-06-01,176.500
2015-07-01,168.500
2015-08-01,159.500
2015-09-01,159.200
2015-10-01,159.100
2015-11-01,150.700
2015-12-01,144.200
2016-01-01,138.600
2016-02-01,135.400
2016-03-01,139.300
2016-04-01,145.400
2016-05-01,151.900
2016-06-01,156.500
2016-07-01,160.800
2016-08-01,157.100
2016-09-01,159.400
2016-10-01,165.500
2016-11-01,159.900
2016-12-01,173.500
2017-01-01,180.400
2017-02-01,177.500
2017-03-01,165.400
2017-04-01,173.100
2017-05-01,169.000
2017-06-01,167.000
2017-07-01,166.900
2017-08-01,169.500
2017-09-01,172.500
2017-10-01,174.200
2017-11-01,178.900
2017-12-01,182.000
2018-01-01,186.500
2018-02-01,187.800
2018-03-01,178.500
2018-04-01,183.000
2018-05-01,189.600
2018-06-01,188.300
2018-07-01,193.800
2018-08-01,188.800
2018-09-01,193.300
2018-10-01,195.900
2018-11-01,185.000
2018-12-01,190.500
2019-01-01,180.000
2019-02-01,175.600
2019-03-01,175.700
2019-04-01,176.000
2019-05-01,172.700
2019-06-01,164.700
2019-07-01,166.700
2019-08-01,163.500
2019-09-01,166.100
2019-10-01,163.100
2019-11-01,169.600
2019-12-01,170.600
2020-01-01,166.200
2020-02-01,154.700
2020-03-01,136.800
2020-04-01,120.600
2020-05-01,129.200
2020-06-01,138.700
2020-07-01,140.100
2020-08-01,146.600
2020-09-01,149.400
2020-10-01,146.800
2020-11-01,158.200
2020-12-01,163.700
2021-01-01,170.600
2021-02-01,198.600
2021-03-01,183.900
2021-04-01,179.000
2021-05-01,189.400
2021-06-01,197.000
2021-07-01,208.378
2021-08-01,209.121
2021-09-01,220.919
2021-10-01,244.336
2021-11-01,247.177
2021-12-01,227.092
2022-01-01,238.505
2022-02-01,264.722
2022-03-01,262.374
2022-04-01,277.409
2022-05-01,302.760
2022-06-01,325.767
2022-07-01,291.101
2022-08-01,311.239
2022-09-01,296.849
2022-10-01,260.482
2022-11-01,251.173
2022-12-01,257.172
2023-01-01,248.978
2023-02-01,231.311
2023-03-01,215.319
2023-04-01,219.205
2023-05-01,206.403
2023-06-01,202.474
2023-07-01,215.493
2023-08-01,222.791
2023-09-01,233.146
2023-10-01,229.097
2023-11-01,222.454
2023-12-01,213.356
2024-01-01,221.738
2024-02-01,220.572
2024-03-01,214.349
2024-04-01,223.283
2024-05-01,218.599
2024-06-01,221.481
2024-07-01,225.782
2024-08-01,216.423
2024-09-01,204.195
2024-10-01,214.473
2024-11-01,210.579
2024-12-01,220.018
2025-01-01,239.379
2025-02-01,233.125
2025-03-01,227.096
2025-04-01,216.846
2025-05-01,209.502
2025-06-01,215.429
2025-07-01,217.219
2025-08-01,211.052
2025-09-01,207.922
2025-10-01,205.726
2025-11-01,213.040
2025-12-01,224.635
2026-01-01,242.754
2026-02-01,262.061
2026-03-01,245.586
