observation_date,PCUARETTRARETTR
2006-12-01,100.000
2007-01-01,102.300
2007-02-01,101.900
2007-03-01,102.500
2007-04-01,103.500
2007-05-01,105.700
2007-06-01,106.600
2007-07-01,106.300
2007-08-01,104.700
2007-09-01,104.800
2007-10-01,105.900
2007-11-01,105.600
2007-12-01,104.500
2008-01-01,105.700
2008-02-01,105.100
2008-03-01,105.200
2008-04-01,107.400
2008-05-01,106.600
2008-06-01,107.900
2008-07-01,109.100
2008-08-01,109.200
2008-09-01,109.500
2008-10-01,109.400
2008-11-01,109.600
2008-12-01,109.500
2009-01-01,107.700
2009-02-01,107.600
2009-03-01,108.600
2009-04-01,108.100
2009-05-01,107.600
2009-06-01,108.600
2009-07-01,108.600
2009-08-01,107.800
2009-09-01,108.600
2009-10-01,107.700
2009-11-01,109.300
2009-12-01,109.300
2010-01-01,108.700
2010-02-01,110.300
2010-03-01,109.600
2010-04-01,111.300
2010-05-01,111.800
2010-06-01,109.100
2010-07-01,109.800
2010-08-01,109.600
2010-09-01,110.000
2010-10-01,111.400
2010-11-01,110.600
2010-12-01,110.500
2011-01-01,110.100
2011-02-01,111.300
2011-03-01,113.100
2011-04-01,112.300
2011-05-01,113.300
2011-06-01,113.200
2011-07-01,112.000
2011-08-01,114.300
2011-09-01,115.200
2011-10-01,114.300
2011-11-01,115.200
2011-12-01,114.200
2012-01-01,113.600
2012-02-01,115.100
2012-03-01,116.100
2012-04-01,117.200
2012-05-01,117.800
2012-06-01,117.700
2012-07-01,115.900
2012-08-01,115.600
2012-09-01,116.000
2012-10-01,117.800
2012-11-01,118.000
2012-12-01,118.000
2013-01-01,115.600
2013-02-01,117.900
2013-03-01,118.900
2013-04-01,119.500
2013-05-01,118.100
2013-06-01,118.600
2013-07-01,119.200
2013-08-01,119.500
2013-09-01,119.600
2013-10-01,121.300
2013-11-01,120.300
2013-12-01,118.500
2014-01-01,118.200
2014-02-01,119.700
2014-03-01,121.300
2014-04-01,120.600
2014-05-01,121.300
2014-06-01,119.600
2014-07-01,121.700
2014-08-01,121.300
2014-09-01,120.600
2014-10-01,125.100
2014-11-01,123.500
2014-12-01,123.400
2015-01-01,122.700
2015-02-01,123.000
2015-03-01,123.700
2015-04-01,123.800
2015-05-01,122.900
2015-06-01,122.800
2015-07-01,123.600
2015-08-01,124.200
2015-09-01,124.900
2015-10-01,125.300
2015-11-01,124.900
2015-12-01,123.900
2016-01-01,124.500
2016-02-01,124.100
2016-03-01,124.400
2016-04-01,125.400
2016-05-01,124.800
2016-06-01,125.800
2016-07-01,125.200
2016-08-01,124.500
2016-09-01,125.800
2016-10-01,127.200
2016-11-01,126.200
2016-12-01,124.800
2017-01-01,125.800
2017-02-01,125.400
2017-03-01,127.100
2017-04-01,127.000
2017-05-01,126.900
2017-06-01,126.400
2017-07-01,125.600
2017-08-01,125.700
2017-09-01,126.400
2017-10-01,129.300
2017-11-01,127.500
2017-12-01,126.500
2018-01-01,126.000
2018-02-01,128.100
2018-03-01,127.800
2018-04-01,128.100
2018-05-01,128.200
2018-06-01,128.900
2018-07-01,127.900
2018-08-01,128.100
2018-09-01,128.000
2018-10-01,130.500
2018-11-01,131.000
2018-12-01,130.800
2019-01-01,129.700
2019-02-01,130.400
2019-03-01,130.600
2019-04-01,131.600
2019-05-01,130.600
2019-06-01,131.800
2019-07-01,130.600
2019-08-01,133.100
2019-09-01,133.300
2019-10-01,134.600
2019-11-01,132.400
2019-12-01,131.700
2020-01-01,131.900
2020-02-01,134.100
2020-03-01,136.400
2020-04-01,138.100
2020-05-01,135.500
2020-06-01,134.400
2020-07-01,135.900
2020-08-01,137.300
2020-09-01,139.400
2020-10-01,142.000
2020-11-01,138.600
2020-12-01,136.800
2021-01-01,138.900
2021-02-01,140.300
2021-03-01,142.300
2021-04-01,147.100
2021-05-01,148.100
2021-06-01,150.800
2021-07-01,150.566
2021-08-01,151.422
2021-09-01,152.842
2021-10-01,153.934
2021-11-01,153.951
2021-12-01,154.382
2022-01-01,155.697
2022-02-01,159.584
2022-03-01,164.511
2022-04-01,164.852
2022-05-01,162.381
2022-06-01,162.576
2022-07-01,162.461
2022-08-01,164.185
2022-09-01,164.006
2022-10-01,165.649
2022-11-01,163.694
2022-12-01,162.427
2023-01-01,160.522
2023-02-01,161.529
2023-03-01,162.309
2023-04-01,160.908
2023-05-01,161.136
2023-06-01,160.549
2023-07-01,158.389
2023-08-01,159.962
2023-09-01,160.607
2023-10-01,161.520
2023-11-01,158.416
2023-12-01,157.940
2024-01-01,154.963
2024-02-01,157.034
2024-03-01,157.821
2024-04-01,157.295
2024-05-01,159.042
2024-06-01,158.488
2024-07-01,155.673
2024-08-01,157.397
2024-09-01,158.622
2024-10-01,158.556
2024-11-01,157.824
2024-12-01,158.256
2025-01-01,158.834
2025-02-01,160.141
2025-03-01,160.727
2025-04-01,163.490
2025-05-01,164.663
2025-06-01,163.876
2025-07-01,162.271
2025-08-01,162.842
2025-09-01,164.018
2025-10-01,164.928
2025-11-01,162.995
2025-12-01,165.106
2026-01-01,165.527
2026-02-01,166.960
2026-03-01,167.508
