observation_date,PCUATTDSVATTDSV
2006-12-01,100.000
2007-01-01,100.800
2007-02-01,100.800
2007-03-01,100.100
2007-04-01,101.100
2007-05-01,100.900
2007-06-01,101.400
2007-07-01,101.400
2007-08-01,101.900
2007-09-01,102.200
2007-10-01,102.200
2007-11-01,102.600
2007-12-01,101.800
2008-01-01,102.300
2008-02-01,102.500
2008-03-01,101.500
2008-04-01,102.100
2008-05-01,102.000
2008-06-01,102.000
2008-07-01,102.200
2008-08-01,102.400
2008-09-01,102.300
2008-10-01,102.700
2008-11-01,102.800
2008-12-01,102.100
2009-01-01,102.600
2009-02-01,102.400
2009-03-01,101.900
2009-04-01,102.300
2009-05-01,102.400
2009-06-01,102.500
2009-07-01,102.700
2009-08-01,102.900
2009-09-01,103.000
2009-10-01,103.900
2009-11-01,103.800
2009-12-01,103.800
2010-01-01,104.600
2010-02-01,104.600
2010-03-01,103.900
2010-04-01,104.600
2010-05-01,104.900
2010-06-01,105.000
2010-07-01,105.300
2010-08-01,105.700
2010-09-01,105.700
2010-10-01,105.800
2010-11-01,106.100
2010-12-01,105.800
2011-01-01,107.000
2011-02-01,106.800
2011-03-01,106.700
2011-04-01,107.500
2011-05-01,107.100
2011-06-01,107.600
2011-07-01,107.800
2011-08-01,108.000
2011-09-01,108.000
2011-10-01,107.900
2011-11-01,108.000
2011-12-01,107.900
2012-01-01,108.600
2012-02-01,108.700
2012-03-01,108.400
2012-04-01,109.000
2012-05-01,108.800
2012-06-01,108.900
2012-07-01,108.900
2012-08-01,109.200
2012-09-01,109.400
2012-10-01,109.400
2012-11-01,109.600
2012-12-01,109.400
2013-01-01,110.000
2013-02-01,110.300
2013-03-01,110.200
2013-04-01,110.400
2013-05-01,110.400
2013-06-01,110.700
2013-07-01,110.800
2013-08-01,111.000
2013-09-01,111.000
2013-10-01,111.200
2013-11-01,111.300
2013-12-01,111.200
2014-01-01,111.800
2014-02-01,111.900
2014-03-01,112.200
2014-04-01,112.200
2014-05-01,112.000
2014-06-01,112.200
2014-07-01,112.500
2014-08-01,112.700
2014-09-01,112.500
2014-10-01,112.500
2014-11-01,112.600
2014-12-01,112.500
2015-01-01,112.800
2015-02-01,112.900
2015-03-01,113.200
2015-04-01,113.600
2015-05-01,113.400
2015-06-01,113.700
2015-07-01,113.800
2015-08-01,114.100
2015-09-01,113.600
2015-10-01,113.400
2015-11-01,113.500
2015-12-01,113.600
2016-01-01,114.800
2016-02-01,115.000
2016-03-01,115.100
2016-04-01,115.300
2016-05-01,115.100
2016-06-01,115.500
2016-07-01,115.800
2016-08-01,116.000
2016-09-01,116.000
2016-10-01,116.200
2016-11-01,116.400
2016-12-01,116.100
2017-01-01,116.900
2017-02-01,117.200
2017-03-01,117.100
2017-04-01,117.700
2017-05-01,117.700
2017-06-01,118.200
2017-07-01,118.300
2017-08-01,118.500
2017-09-01,118.400
2017-10-01,118.900
2017-11-01,119.000
2017-12-01,118.800
2018-01-01,119.900
2018-02-01,120.300
2018-03-01,120.600
2018-04-01,120.700
2018-05-01,120.900
2018-06-01,121.200
2018-07-01,121.800
2018-08-01,122.000
2018-09-01,122.000
2018-10-01,122.400
2018-11-01,122.400
2018-12-01,122.200
2019-01-01,122.700
2019-02-01,123.000
2019-03-01,123.200
2019-04-01,123.600
2019-05-01,123.700
2019-06-01,123.900
2019-07-01,124.100
2019-08-01,124.300
2019-09-01,124.100
2019-10-01,123.800
2019-11-01,123.700
2019-12-01,123.600
2020-01-01,124.600
2020-02-01,124.600
2020-03-01,124.800
2020-04-01,123.200
2020-05-01,122.900
2020-06-01,123.100
2020-07-01,123.900
2020-08-01,124.400
2020-09-01,124.900
2020-10-01,125.300
2020-11-01,125.300
2020-12-01,125.500
2021-01-01,127.300
2021-02-01,127.800
2021-03-01,128.400
2021-04-01,128.700
2021-05-01,128.900
2021-06-01,129.400
2021-07-01,129.991
2021-08-01,129.980
2021-09-01,130.091
2021-10-01,129.876
2021-11-01,130.644
2021-12-01,130.790
2022-01-01,132.182
2022-02-01,131.948
2022-03-01,132.150
2022-04-01,132.076
2022-05-01,132.415
2022-06-01,132.531
2022-07-01,132.706
2022-08-01,133.843
2022-09-01,134.390
2022-10-01,135.028
2022-11-01,136.023
2022-12-01,136.236
2023-01-01,137.917
2023-02-01,138.638
2023-03-01,138.463
2023-04-01,139.357
2023-05-01,139.462
2023-06-01,140.357
2023-07-01,140.660
2023-08-01,141.128
2023-09-01,141.187
2023-10-01,141.062
2023-11-01,141.223
2023-12-01,141.674
2024-01-01,143.612
2024-02-01,143.958
2024-03-01,144.416
2024-04-01,145.287
2024-05-01,145.462
2024-06-01,146.184
2024-07-01,146.555
2024-08-01,146.998
2024-09-01,147.151
2024-10-01,147.374
2024-11-01,147.162
2024-12-01,147.342
2025-01-01,148.562
2025-02-01,149.139
2025-03-01,149.247
2025-04-01,148.923
2025-05-01,148.936
2025-06-01,149.231
2025-07-01,149.935
2025-08-01,150.528
2025-09-01,150.537
2025-10-01,151.452
2025-11-01,151.366
2025-12-01,151.353
2026-01-01,152.858
2026-02-01,153.340
2026-03-01,153.520
