observation_date,PCUATRADEATRADE
2006-12-01,100.000
2007-01-01,102.200
2007-02-01,102.400
2007-03-01,102.700
2007-04-01,103.100
2007-05-01,104.600
2007-06-01,104.400
2007-07-01,104.400
2007-08-01,104.400
2007-09-01,103.800
2007-10-01,105.100
2007-11-01,104.300
2007-12-01,103.900
2008-01-01,105.200
2008-02-01,105.100
2008-03-01,105.200
2008-04-01,106.600
2008-05-01,107.000
2008-06-01,108.500
2008-07-01,109.100
2008-08-01,110.100
2008-09-01,110.200
2008-10-01,110.800
2008-11-01,110.700
2008-12-01,111.500
2009-01-01,110.000
2009-02-01,110.700
2009-03-01,111.600
2009-04-01,111.700
2009-05-01,110.900
2009-06-01,111.800
2009-07-01,112.200
2009-08-01,111.400
2009-09-01,111.400
2009-10-01,111.200
2009-11-01,111.600
2009-12-01,111.800
2010-01-01,112.600
2010-02-01,113.200
2010-03-01,113.200
2010-04-01,113.700
2010-05-01,114.300
2010-06-01,112.700
2010-07-01,112.400
2010-08-01,112.800
2010-09-01,113.200
2010-10-01,113.700
2010-11-01,113.500
2010-12-01,113.200
2011-01-01,112.800
2011-02-01,114.100
2011-03-01,115.800
2011-04-01,115.700
2011-05-01,117.300
2011-06-01,116.800
2011-07-01,116.000
2011-08-01,117.800
2011-09-01,118.000
2011-10-01,116.900
2011-11-01,116.900
2011-12-01,116.600
2012-01-01,116.900
2012-02-01,117.700
2012-03-01,118.600
2012-04-01,118.500
2012-05-01,119.000
2012-06-01,119.000
2012-07-01,118.400
2012-08-01,117.900
2012-09-01,118.800
2012-10-01,120.200
2012-11-01,120.800
2012-12-01,120.800
2013-01-01,119.900
2013-02-01,120.400
2013-03-01,121.400
2013-04-01,122.100
2013-05-01,120.600
2013-06-01,121.100
2013-07-01,121.900
2013-08-01,121.700
2013-09-01,122.100
2013-10-01,122.800
2013-11-01,123.000
2013-12-01,122.100
2014-01-01,122.400
2014-02-01,123.300
2014-03-01,124.500
2014-04-01,124.000
2014-05-01,124.600
2014-06-01,123.300
2014-07-01,124.500
2014-08-01,124.200
2014-09-01,123.900
2014-10-01,126.800
2014-11-01,125.900
2014-12-01,126.000
2015-01-01,126.300
2015-02-01,125.800
2015-03-01,126.900
2015-04-01,126.800
2015-05-01,126.500
2015-06-01,126.400
2015-07-01,127.500
2015-08-01,126.700
2015-09-01,127.400
2015-10-01,127.600
2015-11-01,127.100
2015-12-01,126.500
2016-01-01,127.400
2016-02-01,127.300
2016-03-01,127.400
2016-04-01,127.500
2016-05-01,127.400
2016-06-01,128.200
2016-07-01,127.700
2016-08-01,126.700
2016-09-01,127.900
2016-10-01,128.400
2016-11-01,128.200
2016-12-01,128.000
2017-01-01,128.500
2017-02-01,128.200
2017-03-01,129.300
2017-04-01,129.800
2017-05-01,130.100
2017-06-01,129.700
2017-07-01,129.700
2017-08-01,130.000
2017-09-01,130.700
2017-10-01,132.000
2017-11-01,131.300
2017-12-01,130.400
2018-01-01,130.600
2018-02-01,131.600
2018-03-01,131.200
2018-04-01,131.600
2018-05-01,132.100
2018-06-01,132.700
2018-07-01,132.300
2018-08-01,132.000
2018-09-01,131.900
2018-10-01,133.900
2018-11-01,134.000
2018-12-01,133.900
2019-01-01,134.100
2019-02-01,134.500
2019-03-01,135.500
2019-04-01,136.400
2019-05-01,136.100
2019-06-01,136.300
2019-07-01,135.900
2019-08-01,137.600
2019-09-01,137.500
2019-10-01,138.400
2019-11-01,137.200
2019-12-01,137.100
2020-01-01,137.000
2020-02-01,137.800
2020-03-01,139.000
2020-04-01,139.600
2020-05-01,139.100
2020-06-01,139.400
2020-07-01,140.400
2020-08-01,141.000
2020-09-01,141.500
2020-10-01,143.400
2020-11-01,142.200
2020-12-01,142.300
2021-01-01,143.600
2021-02-01,144.500
2021-03-01,145.600
2021-04-01,149.000
2021-05-01,150.900
2021-06-01,153.400
2021-07-01,155.073
2021-08-01,158.668
2021-09-01,158.019
2021-10-01,159.128
2021-11-01,159.496
2021-12-01,160.619
2022-01-01,162.530
2022-02-01,165.571
2022-03-01,170.928
2022-04-01,171.912
2022-05-01,171.666
2022-06-01,171.266
2022-07-01,171.927
2022-08-01,172.316
2022-09-01,172.618
2022-10-01,173.308
2022-11-01,173.355
2022-12-01,172.292
2023-01-01,171.309
2023-02-01,171.877
2023-03-01,172.254
2023-04-01,173.509
2023-05-01,174.087
2023-06-01,173.375
2023-07-01,175.706
2023-08-01,175.704
2023-09-01,173.448
2023-10-01,176.048
2023-11-01,176.283
2023-12-01,174.041
2024-01-01,173.740
2024-02-01,174.784
2024-03-01,175.173
2024-04-01,175.339
2024-05-01,176.735
2024-06-01,177.679
2024-07-01,175.823
2024-08-01,177.510
2024-09-01,176.936
2024-10-01,178.444
2024-11-01,177.413
2024-12-01,177.747
2025-01-01,179.059
2025-02-01,179.574
2025-03-01,182.776
2025-04-01,181.513
2025-05-01,183.033
2025-06-01,183.675
2025-07-01,185.261
2025-08-01,183.106
2025-09-01,186.004
2025-10-01,185.500
2025-11-01,185.307
2025-12-01,188.132
2026-01-01,190.970
2026-02-01,190.508
2026-03-01,190.873
