observation_date,PCUATRANSATRANS
2006-12-01,100.000
2007-01-01,101.000
2007-02-01,101.200
2007-03-01,101.900
2007-04-01,102.500
2007-05-01,102.100
2007-06-01,103.700
2007-07-01,104.200
2007-08-01,104.600
2007-09-01,103.300
2007-10-01,104.800
2007-11-01,105.700
2007-12-01,105.800
2008-01-01,107.600
2008-02-01,107.600
2008-03-01,109.700
2008-04-01,110.500
2008-05-01,112.600
2008-06-01,115.400
2008-07-01,116.200
2008-08-01,116.100
2008-09-01,114.900
2008-10-01,114.200
2008-11-01,111.700
2008-12-01,109.400
2009-01-01,108.500
2009-02-01,106.600
2009-03-01,105.200
2009-04-01,105.200
2009-05-01,103.800
2009-06-01,104.600
2009-07-01,105.600
2009-08-01,106.200
2009-09-01,105.600
2009-10-01,106.300
2009-11-01,107.300
2009-12-01,107.200
2010-01-01,108.500
2010-02-01,108.700
2010-03-01,109.700
2010-04-01,110.400
2010-05-01,110.500
2010-06-01,111.400
2010-07-01,111.800
2010-08-01,111.200
2010-09-01,110.000
2010-10-01,111.100
2010-11-01,111.700
2010-12-01,111.900
2011-01-01,113.300
2011-02-01,114.500
2011-03-01,116.800
2011-04-01,117.700
2011-05-01,118.300
2011-06-01,118.300
2011-07-01,118.300
2011-08-01,118.800
2011-09-01,117.900
2011-10-01,118.500
2011-11-01,118.800
2011-12-01,119.000
2012-01-01,119.800
2012-02-01,120.600
2012-03-01,122.000
2012-04-01,122.500
2012-05-01,122.400
2012-06-01,122.400
2012-07-01,121.900
2012-08-01,122.300
2012-09-01,121.100
2012-10-01,122.100
2012-11-01,121.900
2012-12-01,121.800
2013-01-01,122.400
2013-02-01,122.400
2013-03-01,123.500
2013-04-01,122.500
2013-05-01,122.100
2013-06-01,123.300
2013-07-01,123.600
2013-08-01,123.800
2013-09-01,122.200
2013-10-01,123.100
2013-11-01,122.500
2013-12-01,124.300
2014-01-01,123.700
2014-02-01,123.200
2014-03-01,124.800
2014-04-01,125.500
2014-05-01,125.500
2014-06-01,126.300
2014-07-01,126.300
2014-08-01,126.700
2014-09-01,124.800
2014-10-01,124.800
2014-11-01,124.600
2014-12-01,124.900
2015-01-01,123.900
2015-02-01,123.000
2015-03-01,123.600
2015-04-01,123.000
2015-05-01,122.800
2015-06-01,123.500
2015-07-01,123.600
2015-08-01,122.400
2015-09-01,120.800
2015-10-01,121.200
2015-11-01,121.000
2015-12-01,120.400
2016-01-01,121.200
2016-02-01,120.600
2016-03-01,121.300
2016-04-01,121.000
2016-05-01,120.000
2016-06-01,121.200
2016-07-01,121.800
2016-08-01,121.200
2016-09-01,119.200
2016-10-01,120.400
2016-11-01,120.900
2016-12-01,122.100
2017-01-01,122.400
2017-02-01,122.500
2017-03-01,122.100
2017-04-01,122.800
2017-05-01,122.200
2017-06-01,123.400
2017-07-01,123.000
2017-08-01,122.800
2017-09-01,122.600
2017-10-01,124.100
2017-11-01,125.000
2017-12-01,124.300
2018-01-01,124.800
2018-02-01,125.800
2018-03-01,127.300
2018-04-01,127.600
2018-05-01,127.600
2018-06-01,129.400
2018-07-01,129.800
2018-08-01,129.200
2018-09-01,129.600
2018-10-01,131.400
2018-11-01,132.200
2018-12-01,131.800
2019-01-01,132.400
2019-02-01,131.200
2019-03-01,131.600
2019-04-01,132.200
2019-05-01,132.300
2019-06-01,133.200
2019-07-01,133.500
2019-08-01,132.500
2019-09-01,131.300
2019-10-01,132.700
2019-11-01,132.700
2019-12-01,134.800
2020-01-01,133.300
2020-02-01,132.400
2020-03-01,129.400
2020-04-01,125.100
2020-05-01,126.200
2020-06-01,128.100
2020-07-01,126.900
2020-08-01,125.200
2020-09-01,125.800
2020-10-01,128.800
2020-11-01,128.100
2020-12-01,127.400
2021-01-01,127.700
2021-02-01,128.700
2021-03-01,131.500
2021-04-01,136.100
2021-05-01,136.600
2021-06-01,139.800
2021-07-01,142.099
2021-08-01,142.801
2021-09-01,141.662
2021-10-01,144.088
2021-11-01,147.709
2021-12-01,150.716
2022-01-01,151.162
2022-02-01,153.211
2022-03-01,160.857
2022-04-01,164.690
2022-05-01,166.813
2022-06-01,169.208
2022-07-01,168.149
2022-08-01,166.399
2022-09-01,163.825
2022-10-01,165.899
2022-11-01,163.824
2022-12-01,163.877
2023-01-01,162.493
2023-02-01,162.444
2023-03-01,163.620
2023-04-01,159.584
2023-05-01,159.694
2023-06-01,160.665
2023-07-01,159.216
2023-08-01,156.498
2023-09-01,157.042
2023-10-01,159.750
2023-11-01,159.247
2023-12-01,158.810
2024-01-01,159.016
2024-02-01,159.600
2024-03-01,160.070
2024-04-01,160.261
2024-05-01,160.265
2024-06-01,161.849
2024-07-01,163.529
2024-08-01,159.628
2024-09-01,157.571
2024-10-01,158.922
2024-11-01,156.433
2024-12-01,161.388
2025-01-01,163.613
2025-02-01,162.843
2025-03-01,159.853
2025-04-01,162.248
2025-05-01,162.039
2025-06-01,161.291
2025-07-01,163.580
2025-08-01,163.582
2025-09-01,164.128
2025-10-01,166.039
2025-11-01,165.904
2025-12-01,166.379
2026-01-01,168.127
2026-02-01,168.354
2026-03-01,170.373
