observation_date,PCUATRNWRATRNWR
2006-12-01,100.000
2007-01-01,101.700
2007-02-01,101.900
2007-03-01,102.300
2007-04-01,102.800
2007-05-01,103.400
2007-06-01,104.700
2007-07-01,105.100
2007-08-01,105.400
2007-09-01,104.500
2007-10-01,105.600
2007-11-01,106.500
2007-12-01,106.600
2008-01-01,108.300
2008-02-01,108.300
2008-03-01,109.800
2008-04-01,110.500
2008-05-01,112.700
2008-06-01,115.100
2008-07-01,116.000
2008-08-01,116.000
2008-09-01,115.100
2008-10-01,114.300
2008-11-01,112.300
2008-12-01,109.900
2009-01-01,110.000
2009-02-01,108.200
2009-03-01,107.200
2009-04-01,107.100
2009-05-01,106.400
2009-06-01,107.000
2009-07-01,107.800
2009-08-01,108.600
2009-09-01,108.000
2009-10-01,108.600
2009-11-01,109.400
2009-12-01,109.400
2010-01-01,111.100
2010-02-01,111.200
2010-03-01,112.100
2010-04-01,112.600
2010-05-01,112.800
2010-06-01,113.600
2010-07-01,113.800
2010-08-01,113.200
2010-09-01,112.200
2010-10-01,113.200
2010-11-01,113.700
2010-12-01,113.900
2011-01-01,115.700
2011-02-01,116.800
2011-03-01,118.700
2011-04-01,119.600
2011-05-01,120.300
2011-06-01,120.400
2011-07-01,120.400
2011-08-01,120.700
2011-09-01,120.100
2011-10-01,120.500
2011-11-01,120.700
2011-12-01,120.900
2012-01-01,122.100
2012-02-01,122.900
2012-03-01,124.100
2012-04-01,124.500
2012-05-01,124.500
2012-06-01,124.500
2012-07-01,124.000
2012-08-01,124.200
2012-09-01,123.300
2012-10-01,124.200
2012-11-01,124.100
2012-12-01,124.000
2013-01-01,125.000
2013-02-01,125.400
2013-03-01,126.300
2013-04-01,125.500
2013-05-01,125.100
2013-06-01,126.000
2013-07-01,126.300
2013-08-01,126.500
2013-09-01,125.100
2013-10-01,125.900
2013-11-01,125.400
2013-12-01,126.800
2014-01-01,126.900
2014-02-01,127.100
2014-03-01,128.400
2014-04-01,129.000
2014-05-01,129.000
2014-06-01,129.700
2014-07-01,129.800
2014-08-01,130.000
2014-09-01,128.400
2014-10-01,128.400
2014-11-01,128.200
2014-12-01,128.300
2015-01-01,128.200
2015-02-01,127.300
2015-03-01,127.700
2015-04-01,127.200
2015-05-01,127.100
2015-06-01,127.900
2015-07-01,127.900
2015-08-01,126.900
2015-09-01,125.500
2015-10-01,125.800
2015-11-01,125.700
2015-12-01,125.200
2016-01-01,126.000
2016-02-01,125.500
2016-03-01,126.100
2016-04-01,125.500
2016-05-01,124.700
2016-06-01,125.700
2016-07-01,126.300
2016-08-01,125.900
2016-09-01,123.800
2016-10-01,124.900
2016-11-01,125.300
2016-12-01,126.300
2017-01-01,127.100
2017-02-01,127.400
2017-03-01,127.000
2017-04-01,127.600
2017-05-01,127.000
2017-06-01,128.100
2017-07-01,127.800
2017-08-01,127.700
2017-09-01,127.600
2017-10-01,128.900
2017-11-01,129.700
2017-12-01,129.100
2018-01-01,130.000
2018-02-01,131.000
2018-03-01,132.300
2018-04-01,132.600
2018-05-01,132.600
2018-06-01,134.200
2018-07-01,134.600
2018-08-01,134.000
2018-09-01,134.500
2018-10-01,136.100
2018-11-01,136.700
2018-12-01,136.300
2019-01-01,137.200
2019-02-01,136.400
2019-03-01,136.800
2019-04-01,137.400
2019-05-01,137.500
2019-06-01,138.300
2019-07-01,138.600
2019-08-01,137.700
2019-09-01,136.700
2019-10-01,137.900
2019-11-01,137.900
2019-12-01,139.700
2020-01-01,139.000
2020-02-01,138.300
2020-03-01,135.800
2020-04-01,132.000
2020-05-01,132.900
2020-06-01,134.500
2020-07-01,133.600
2020-08-01,132.200
2020-09-01,132.800
2020-10-01,135.200
2020-11-01,134.600
2020-12-01,134.100
2021-01-01,135.000
2021-02-01,136.100
2021-03-01,138.500
2021-04-01,142.500
2021-05-01,142.800
2021-06-01,145.600
2021-07-01,147.625
2021-08-01,148.312
2021-09-01,147.851
2021-10-01,150.266
2021-11-01,153.389
2021-12-01,155.950
2022-01-01,157.367
2022-02-01,159.015
2022-03-01,165.723
2022-04-01,169.567
2022-05-01,171.296
2022-06-01,173.464
2022-07-01,173.307
2022-08-01,171.384
2022-09-01,169.615
2022-10-01,171.374
2022-11-01,169.792
2022-12-01,169.672
2023-01-01,170.105
2023-02-01,170.160
2023-03-01,171.057
2023-04-01,167.584
2023-05-01,167.300
2023-06-01,168.017
2023-07-01,167.361
2023-08-01,165.179
2023-09-01,165.762
2023-10-01,168.101
2023-11-01,167.544
2023-12-01,167.136
2024-01-01,168.119
2024-02-01,169.148
2024-03-01,169.680
2024-04-01,169.940
2024-05-01,169.785
2024-06-01,171.094
2024-07-01,172.593
2024-08-01,169.792
2024-09-01,168.035
2024-10-01,169.359
2024-11-01,167.523
2024-12-01,172.049
2025-01-01,174.762
2025-02-01,174.100
2025-03-01,171.481
2025-04-01,173.508
2025-05-01,173.056
2025-06-01,172.444
2025-07-01,175.203
2025-08-01,175.216
2025-09-01,175.578
2025-10-01,177.429
2025-11-01,177.689
2025-12-01,178.433
2026-01-01,180.987
2026-02-01,181.027
2026-03-01,183.361
